# clip	sent_idx	duration
b01	0	3.446
b01	1	4.054
b02	0	2.875
b02	1	5.078
b02	2	2.253
b02	3	1.995
b03	0	1.581
b03	1	6.144
b03	2	4.001
b04	0	1.822
b04	1	5.184
b04	2	3.759
b05	0	3.179
b05	1	3.659
b05	2	3.109
b06	0	3.025
b06	1	1.124
b06	2	0.733
b06	3	0.730
b06	4	1.168
b06	5	1.384
b06	6	2.645
b07a	0	2.232
b07b	0	2.951
b08a	0	1.776
b08a	1	2.713
b08a	2	1.913
b08b	0	0.772
b08c	0	1.312
b08c	1	4.106
b09	0	1.244
b10a	0	2.545
b10a	1	3.144
b10a	2	2.295
b10b	0	0.841
b11a	0	0.979
b11b	0	1.713
b11b	1	7.049
b12	0	2.264
b12	1	4.346
b12	2	2.785
b12	3	3.768
b13	0	3.882
b14	0	3.251
b14	1	3.629
b14	2	6.851
b14	3	3.000
b15	0	4.260
b15	1	1.929
b15	2	1.898
b15	3	2.104
