# clip	sent_idx	duration	seed
b01	0	2.400	690076
b01	1	1.320	900614
b01	2	1.800	935348
b01	3	2.840	760277
b02	0	1.760	288704
b02	1	3.320	47133
b02	2	4.400	115473
b03	0	1.840	111470
b03	1	7.800	164044
b03	2	4.240	107411
b04	0	1.920	328592
b04	1	6.640	713482
b04	2	4.520	739017
b05	0	3.600	188337
b05	1	4.240	583476
b05	2	3.200	436809
b06	0	3.480	71104
b06	1	1.160	447902
b06	2	3.920	845985
b06	3	3.080	872528
b07a	0	2.520	407285
b07b	0	3.720	406244
b08a	0	1.800	834616
b08a	1	3.080	191431
b08a	2	2.040	674790
b08b	0	1.560	386737
b08c	0	1.520	480079
b08c	1	5.760	493211
b09	0	1.440	327994
b10a	0	3.280	375630
b10a	1	3.400	423490
b10a	2	2.840	554961
b10b	0	1.120	950321
b11a	0	1.160	686417
b11b	0	2.000	321162
b11b	1	9.000	347335
b12	0	2.600	44902
b12	1	4.840	242636
b12	2	3.080	904809
b12	3	4.520	945517
b13	0	4.920	552457
b14	0	3.520	235465
b14	1	4.480	685562
b14	2	9.200	919660
b14	3	3.160	439279
b15	0	4.760	354786
b15	1	1.840	809222
b15	2	1.920	772854
b15	3	2.120	793517
